x,y,z,type
-42,-36,-4,minecraft:mob_spawner
50,-54,-128,minecraft:mob_spawner
-22,-20,-136,minecraft:mob_spawner
106,73,-109,minecraft:beehive
6,-25,-173,minecraft:mob_spawner
65,16,-166,minecraft:mob_spawner
-21,-29,-184,minecraft:mob_spawner
-26,86,-189,minecraft:beehive
127,67,-196,minecraft:beehive
-160,-32,-199,minecraft:mob_spawner
-189,-11,123,minecraft:mob_spawner
168,-47,-58,minecraft:mob_spawner
-183,-43,22,minecraft:mob_spawner
-87,73,-212,minecraft:beehive
-163,-1,136,minecraft:mob_spawner
116,-3,167,minecraft:mob_spawner
114,-2,247,minecraft:mob_spawner
210,-48,39,minecraft:mob_spawner
-44,-9,287,minecraft:mob_spawner
260,-52,11,minecraft:mob_spawner
260,-43,34,minecraft:mob_spawner
261,-36,228,minecraft:mob_spawner
91,50,307,minecraft:campfire
91,50,306,minecraft:campfire
90,50,307,minecraft:campfire
218,-54,349,minecraft:mob_spawner
-45,70,358,minecraft:beehive
-15,82,394,minecraft:beehive
