x,y,z,uuid,type,alive,display_name,custom_name
27.93748879311352,67.0,-23.91547928820342,b5885e3d-bb50-446a-908a-cb9df52576e1,minecraft:parrot,true,Parrot,[null]
41.60120147292456,71.0,-61.04096161609604,c0f40266-81ec-4c46-a016-8709c73066a2,minecraft:parrot,true,Parrot,[null]
41.28729153648437,71.0,-62.18216115261427,b2501119-fe79-4ab9-a469-a439b6aac6ec,minecraft:parrot,true,Parrot,[null]
46.682695338898746,66.0,3.5549702384615376,ec57a34b-1939-4002-b62e-6f08ec961280,minecraft:parrot,true,Parrot,[null]
59.57702811940719,67.0,-53.37196258761587,98f1d0cb-a309-4081-a85b-b2506caddca3,minecraft:parrot,true,Parrot,[null]
51.25977675846693,67.0,-44.40792661679707,e1d619c1-7ccb-4271-81e3-c7055e346ebf,minecraft:sheep,true,Sheep,[null]
59.0808300577522,65.0,-4.801072488732039,f055f1db-9bc4-4bed-8a0e-19994c4b2c8c,minecraft:parrot,true,Parrot,[null]
-34.71090644284014,79.0,-108.59387701599333,0610443e-008d-44a7-94ab-2bfc6fcb1b86,minecraft:chicken,true,Chicken,[null]
-17.765811475412765,79.0,-136.8722233695449,4b198123-c038-4600-ba91-f04ef31518af,minecraft:chicken,true,Chicken,[null]
-0.4987593854839859,80.0,-146.23340681757512,1b0e47a8-8293-4cd8-877a-4d7b1101b5e4,minecraft:chicken,true,Chicken,[null]
-11.89587237427763,80.0,-133.0785968187056,eada1c32-a8e4-4cc4-8534-06059bcb8de5,minecraft:chicken,true,Chicken,[null]
-3.9122359796921193,61.0,53.94850670066349,a116bd3d-2b43-4e58-8837-d2c2823fa5c9,minecraft:turtle,true,Turtle,[null]
31.231680198774367,60.0,100.75188463139699,ab996dd9-d92f-4295-b293-226ef9c08840,minecraft:turtle,true,Turtle,[null]
-76.20772977033997,47.0,0.21505447957979043,3573d206-5f5d-445d-8238-e5987d800b76,minecraft:drowned,true,Drowned,[null]
-24.210775386667184,71.0,-147.78741569337708,c36f21a0-869b-48b7-8437-9da416637e7d,minecraft:pig,true,Pig,[null]
-17.744494401640566,72.0,-147.7823051155164,292c876d-d0c9-4944-b673-37a310ed6884,minecraft:pig,true,Pig,[null]
-14.149663001761322,73.0,-146.01629453928246,13c3aff9-a2ac-4803-965e-9ce239b83a3a,minecraft:chicken,true,Chicken,[null]
-1.7573539933448077,78.0,-161.53685752747148,a6231314-baa4-4e1e-a6aa-b6daeb6cb7aa,minecraft:pig,true,Pig,[null]
-3.4653133075008444,73.0,-149.5641999384045,32b280ef-d916-4cef-bebb-2d156a9b1cda,minecraft:chicken,true,Chicken,[null]
-15.502460258925522,76.0,-164.2534261254017,169a971a-fc2e-43d5-9e34-a8cf94668ef3,minecraft:pig,true,Pig,[null]
3.5134062958327026,85.0,-146.7802126094905,15a5a876-efcb-4c78-8974-c183ab6122a7,minecraft:pig,true,Pig,[null]
14.122408932206344,89.0,-146.49511754009222,754e2775-7cfa-4b8d-a0c4-c0058c3ff6d6,minecraft:chicken,true,Chicken,[null]
75.59605740839125,71.0,-164.17533088233148,9f9ad7d9-e078-459b-b5d0-dd2c79fb1761,minecraft:cow,true,Cow,[null]
119.52140734029831,72.0,-117.7776644793862,10d99a3b-697a-45c2-8569-01c9472a8c73,minecraft:chicken,true,Chicken,[null]
32.44878790260598,85.0,-169.45735185626506,f1ee021f-f237-4c0a-87d6-32ab0121ff55,minecraft:chicken,true,Chicken,[null]
37.62184223078644,83.0,-170.89474487754845,51eb1c94-a4c1-4fe2-86d6-462ecf2ba3ca,minecraft:chicken,true,Chicken,[null]
41.130719518375194,97.0,-175.08771047130753,e3b8a00c-8e87-48b0-bdd1-a4a1c9f38105,minecraft:chicken,true,Chicken,[null]
57.82866953863662,72.0,-161.4997965770388,05883ed1-9ef0-4489-8ae2-436b6b19021d,minecraft:cow,true,Cow,[null]
71.51883431681176,77.0,-175.81377864309715,9bb9a774-5f4e-4394-85ae-f46332c15e69,minecraft:cow,true,Cow,[null]
68.80278095678044,83.0,-172.4884892461752,c4a6dc2e-ac55-4014-9923-5a23bf6deba6,minecraft:cow,true,Cow,[null]
127.34771286155922,68.0,-128.70981431893208,f247ed29-afd8-4a83-b4fc-b7493b6c5ecf,minecraft:chicken,true,Chicken,[null]
121.86916572578323,66.0,-150.13032588974494,0965044e-2298-42ea-ac79-2fc7bfbd6e72,minecraft:chicken,true,Chicken,[null]
109.82098282250607,66.0,-166.75108949858426,a90b2324-8563-4b04-975d-405167648ee2,minecraft:cow,true,Cow,[null]
112.8530236833402,66.0,-166.8473082486749,665b69e5-2e62-4f1a-9565-cc7d6b8272a0,minecraft:cow,true,Cow,[null]
119.53132422112515,66.0,-175.85143618187433,763e4fb9-1d56-4918-9780-b65c3c6e305d,minecraft:cow,true,Cow,[null]
119.80950656195235,69.0,78.8931809295171,a27e949d-0473-4551-8cfe-5aef277acd89,minecraft:chicken,true,Chicken,[null]
122.0,70.0,89.0,079b8223-32a0-49c6-af84-56bd0e3cab09,minecraft:chicken,true,Chicken,[null]
136.58488567038464,90.0,39.82135856466741,e0f3a727-e680-4bcd-8261-2dd679ed339f,minecraft:parrot,true,Parrot,[null]
-164.13850028101118,65.0,-89.25503503159904,d7cc0b95-5201-4e1f-93cb-b4aa4ef902f2,minecraft:parrot,true,Parrot,[null]
-168.28447013790776,64.0,-105.33816002988179,0e1bba6e-878f-4c13-bae7-fd10428cb019,minecraft:chicken,true,Chicken,[null]
-16.867353982926183,82.8495794096853,-192.05326509025778,a8c6cc78-7bed-4725-a6b5-ea4cfc35e9eb,minecraft:bee,true,Bee,[null]
-12.428418946237882,92.40579977939527,-192.1108397764991,8e8cd7fa-3f4d-42f1-a7fd-49164dcb330f,minecraft:bee,true,Bee,[null]
60.731662653200075,90.0,-189.5000889354638,47b9ab82-3c9f-446e-87a0-a60fcb51198a,minecraft:sheep,true,Sheep,[null]
69.46510088336358,77.0,-198.73267633126304,82e57953-7278-4659-bbb6-fb3e98ce2895,minecraft:sheep,true,Sheep,[null]
72.7465670203808,75.0,-197.49964523386126,e5793e08-4852-4aaa-9647-eb29c3108465,minecraft:pig,true,Pig,[null]
88.11274805398537,72.0,-192.00250502774693,3c7c7e4b-f5a0-405b-ab81-243a07b8d19e,minecraft:sheep,true,Sheep,[null]
80.74662301825636,72.0,-170.5066903565888,d91649c0-60be-49c8-beb1-e3980152d134,minecraft:pig,true,Pig,[null]
90.78880076762083,69.0,-178.76668239720098,43264058-fd8c-408a-abff-61d1b3ec0b1c,minecraft:pig,true,Pig,[null]
108.29503962006686,70.0,-207.81054823127783,32f7e74f-8dad-4750-bb42-cfc4c2cc1856,minecraft:pig,true,Pig,[null]
102.21353352015763,69.0,-182.79112281560546,982d3a8d-7d6d-415f-b7df-c56fcfdd6d90,minecraft:pig,true,Pig,[null]
130.6477559975451,70.46055820347493,-204.52438492589167,922fd54f-cd34-41f1-b2b0-c8346bcb7238,minecraft:bee,true,Bee,[null]
-21.972228575368376,57.9999364612103,166.84122369449355,2f8f118f-a37e-457e-a9d2-3d0d8f0a7c03,minecraft:turtle,true,Turtle,[null]
141.44757400843127,70.0,-94.13590351710657,b70769f0-a458-4c8e-9b88-8798b3d3b1a7,minecraft:parrot,true,Parrot,[null]
128.43122987912366,72.0,-113.96694009875628,7d615930-3628-4238-b1cf-e5a1ea67880b,minecraft:chicken,true,Chicken,[null]
130.15788007309442,68.0,-161.76902307437493,1505d64e-77d1-4127-8203-72b17683d2d3,minecraft:cow,true,Cow,[null]
163.2286504856622,64.0,-8.228735882746534,89a3ccaa-5e7e-40e2-a92d-224a46357435,minecraft:sheep,true,Sheep,[null]
164.2880816453309,66.0,-13.302601095480188,0fce776a-428a-45d9-b278-02def817dc87,minecraft:sheep,true,Sheep,[null]
171.49498162696042,64.0,-5.964873345905852,c83af851-8d7c-4a32-8e5b-7b3240a94e6f,minecraft:sheep,true,Sheep,[null]
171.77500000596046,64.0,-6.7750000059604645,55397440-cea8-4c5b-ac5e-b2f96128db57,minecraft:sheep,true,Sheep,[null]
169.512799203161,68.0,67.74052785840196,0824b903-cdb7-4691-a628-95dd3f6c25fe,minecraft:parrot,true,Parrot,[null]
168.25,68.0,65.78479157976903,c20a8e23-1e86-40c7-b42e-edade9f57be1,minecraft:parrot,true,Parrot,[null]
108.59466228550065,71.0,-215.97188058769578,ce165fe2-d935-4c69-bd92-bf6882679596,minecraft:pig,true,Pig,[null]
109.74660922160862,71.0,-216.26122901250167,82d157e8-0782-4f80-8dd5-383c8bfb6947,minecraft:pig,true,Pig,[null]
108.74201685829786,71.0,-223.27726229490435,1f1d7ec1-9e8e-4c0a-a5b6-56032b8c53d0,minecraft:pig,true,Pig,[null]
139.42846942354853,70.24376600933553,-218.59101136634743,9d27362b-8211-4159-8885-3aec1a5acd7b,minecraft:bee,true,Bee,[null]
166.5,56.0,-164.5,e1e9e475-fa40-47c2-9574-478738977e90,minecraft:falling_block,true,Falling Gravel,[null]
27.97469580793657,66.11650136792812,137.384537486227,1df745e7-4c67-415a-8bce-7c55dadf5722,minecraft:player,true,MR_sticky_piston,[null]
10.713182267348358,60.19010866960786,158.52848936667442,31b87917-50d6-41fe-b497-e1dc96391a5d,minecraft:turtle,true,Turtle,[null]
-97.77762385186999,63.0,191.50934013531653,4eb876c2-c3b6-458f-938c-55161f395794,minecraft:cow,true,Cow,[null]
-39.461723419675,69.0,206.60681867756205,1a83b8a8-8d15-41c3-8176-541ed150c56e,minecraft:cow,true,Cow,[null]
-94.80612355091446,67.0,204.42586698974173,34815b86-eae1-429f-9b47-545a085e4842,minecraft:sheep,true,Sheep,[null]
-92.8813377028471,67.0,205.96388068624776,5a64f4b7-1e64-41d1-8782-1cbadb678031,minecraft:cow,true,Cow,[null]
-84.85271937407197,67.0,202.51131609628456,690114f2-578b-433d-9fa6-ff0ca3c0afa5,minecraft:chicken,true,Chicken,[null]
-81.86535645693715,68.0,208.2110633554199,d444e8c4-cb79-4f44-8dad-21003af2b3d6,minecraft:chicken,true,Chicken,[null]
-95.53619075080837,66.0,202.39366766116947,a0729249-c58d-46b8-abec-67314441e93f,minecraft:cow,true,Cow,[null]
-89.559730972967,66.0,201.1384013269126,bcf7bbe7-830d-4326-9a6c-fa3ee853d76a,minecraft:chicken,true,Chicken,[null]
-123.37662500936388,65.0,197.25963450436657,2080fda1-34c4-4681-8439-61e29af62a94,minecraft:cow,true,Cow,[null]
-71.82277064348108,69.0,210.82244068950985,0a15c55f-773c-45ef-88ea-7c40260064a2,minecraft:sheep,true,Sheep,[null]
-46.06267867383226,71.0,220.40927012980765,6a247e30-d76a-4fa3-889e-5cdc810ce1a1,minecraft:cow,true,Cow,[null]
-48.023636647702965,71.0,217.29272089311905,4424e3c4-c89e-4703-a592-c38c1e995054,minecraft:cow,true,Cow,[null]
-48.75504312800946,71.0,224.18232613522355,6ac73e37-4663-4df0-8822-5b1e52db3e3d,minecraft:cow,true,Cow,[null]
-124.63958914462152,69.0,209.8228190232806,37fe5b53-1912-449d-b6b1-76378ab49f24,minecraft:cow,true,Cow,[null]
-120.8509387794281,68.0,204.80023695311544,474f29c1-a342-4a4b-9455-423ce541b5bb,minecraft:cow,true,Cow,[null]
-100.17585684764339,68.0,213.352362498687,fa2b96ab-699c-4adf-88d1-b4e5e550cde5,minecraft:chicken,true,Chicken,[null]
-99.21721753322532,68.0,216.2538294325634,56df3517-f1b1-405e-a6af-84a3172d7ba1,minecraft:sheep,true,Sheep,[null]
-97.15644370303131,68.0,215.15672654203354,3cfca3ff-a07d-4800-963f-8e2412f114e4,minecraft:sheep,true,Sheep,[null]
-82.84131885111977,69.0,219.15918983700655,5a4d555d-0a1d-4303-96b0-fbc6e75fd236,minecraft:cow,true,Cow,[null]
-127.8118641512395,69.0,209.830968009368,8b339929-da23-4367-a8ee-1f45f1fc4c23,minecraft:cow,true,Cow,[null]
70.0,75.0,238.0,58ea2a73-ca8b-4aa4-ba80-20d28bd40ee2,minecraft:parrot,true,Parrot,[null]
163.5082139790722,67.0,250.64283485804907,e5eec0ef-9123-4215-86ba-642880ac374e,minecraft:parrot,true,Parrot,[null]
162.49475511203568,67.0,252.39191226177158,e607c6bd-4236-4b9a-b72f-5333efd1dcab,minecraft:parrot,true,Parrot,[null]
-63.6289178741586,64.0,257.56215377943585,60be7a4d-c7a1-4f06-85dc-d3d4a0061f48,minecraft:sheep,true,Sheep,[null]
-62.75135830548194,64.0,256.1968281010461,61e31aa0-fbd1-44b0-9168-bfe476856f6b,minecraft:sheep,true,Sheep,[null]
-64.21636304433906,64.0,260.2137762654291,bf5302b2-eacf-49e1-952d-88a73004a1ad,minecraft:sheep,true,Sheep,[null]
-61.66526774202442,64.0,257.01380742835715,5da8a6d4-8080-4e88-90e3-d0aefd0d20ef,minecraft:sheep,true,Sheep,[null]
205.5,-37.9375,40.5,c1d8e7c3-a70e-4fc5-b682-9c38e000d028,minecraft:chest_minecart,true,Minecart with Chest,[null]
206.0,69.0,263.0,5e54c060-82eb-4f7d-8fe7-d66277f13095,minecraft:chicken,true,Chicken,[null]
-90.0,65.0,299.0,14253054-bf43-4ed4-b585-343a97ee538d,minecraft:pig,true,Pig,[null]
-86.62140573053074,64.0,294.7621315414531,80ae004c-c344-4433-b55c-56adbfc80939,minecraft:pig,true,Pig,[null]
-88.1848166067775,64.0,294.6943673532945,fc964470-2493-443d-b5dc-3df9784cf900,minecraft:pig,true,Pig,[null]
-91.24841442088899,64.0,286.79492889999034,22ba2830-7971-4459-920d-6f596395146d,minecraft:pig,true,Pig,[null]
-131.83158846238388,71.0,233.63579245450117,9b5db3a1-9358-4f2c-9203-f717b9d52861,minecraft:horse,true,Horse,[null]
-135.86884803124718,71.0,216.1447465646514,0c25defd-59a7-48b7-ad80-38669a9ac824,minecraft:horse,true,Horse,[null]
35.70578124903829,-2.0,226.4250066709688,60d29bba-b3d4-46c7-9ebf-1836e1cb6d44,minecraft:enderman,true,Enderman,[null]
16.52811342758959,55.00249304847791,138.87212260811145,3c5f107a-4f62-4322-a2f1-db3389eff2c1,minecraft:tropical_fish,true,Tropical Fish,[null]
113.17143529203784,29.0,172.6595944651607,dc7c86e0-75d8-4baf-bb11-86c6cd4505b4,minecraft:skeleton,true,Skeleton,[null]
-11.637698713772457,80.0,-133.62340212285446,71771693-7ca5-4984-b9e6-e0c0e4263039,minecraft:item,true,Egg,[null]
13.894247591530734,89.0,-147.05278489423299,9fd518fb-2491-4bf1-8467-83921e84c161,minecraft:item,true,Egg,[null]
-0.18784978823202525,80.0,-146.9227516951735,a77fdca1-5a61-4817-a522-5ea014e10ef2,minecraft:item,true,Egg,[null]
-14.61725109832446,72.0,-146.70302343502223,b298ccb1-9422-4067-bf41-ffd1a3a0254b,minecraft:item,true,Egg,[null]
-100.72922812201101,68.0,213.50028294016445,5eeee954-d492-4f80-9d6d-3eaa9998528b,minecraft:item,true,Egg,[null]
120.33648332951333,72.0,-117.60470637276181,d8495fdb-6979-4230-82ca-c941dc4e94b5,minecraft:item,true,Egg,[null]
41.27022995820632,97.0,-175.9722106485958,7a4dc36a-8bb5-46c6-bb80-6416785b23bc,minecraft:item,true,Egg,[null]
16.50770156633604,53.966059525246465,137.68621782382965,4e9cf22c-8b3d-4017-ba9f-f886de3f8f71,minecraft:tropical_fish,true,Tropical Fish,[null]
7.527539007574682,55.924076443257796,164.73432678745968,d0202d85-3b6f-43cf-8aef-7e9ef89f1ca4,minecraft:cod,true,Cod,[null]
15.036551290754021,54.000010697209646,138.65092558857947,3ca572d8-a643-4560-b082-62485cdc0081,minecraft:tropical_fish,true,Tropical Fish,[null]
121.125,70.0,88.23650961219298,b14f41c7-4c45-41db-8f6e-afe23222981d,minecraft:item,true,Egg,[null]
118.9203035860225,69.0,78.61210034741521,2080302f-c634-4ad4-b960-a7104db53003,minecraft:item,true,Egg,[null]
74.5,9.0,146.5,65657b76-01b9-4916-a3c3-877ab527e352,minecraft:zombie,true,Zombie,[null]
8.490247991676453,56.53030956418729,165.44247373941016,525fa80e-8712-476d-a881-b9ba7ab20e82,minecraft:cod,true,Cod,[null]
133.5,68.0,177.5,64141a82-2709-4033-9a90-e4b73b572cea,minecraft:ocelot,true,Ocelot,[null]
30.983318326838724,83.0,-169.125,a2a94afc-99c8-4053-b9aa-5b037ca45625,minecraft:item,true,Egg,[null]
27.54677997389491,60.972987650177245,110.8244688055005,efe53db3-54dc-44bb-b301-24f092803935,minecraft:squid,true,Squid,[null]
1.824175338415902,47.0,145.4980532983547,238bc032-0c4c-42ed-81c9-6bc0130cc4df,minecraft:drowned,true,Drowned,[null]
97.5,6.0,172.5,b1c037fa-236c-4f21-9cd8-838be9cdda2b,minecraft:creeper,true,Creeper,[null]
67.5,28.0,192.5,79b35f5e-a524-4143-a3d6-b5f8576729f0,minecraft:zombie,true,Zombie,[null]
102.31101016736768,67.0,175.7370975012431,0bad47fb-5e33-44fc-a265-8d8134b0cca7,minecraft:ocelot,true,Ocelot,[null]
108.73955824188688,34.0,150.4705587931794,769ce08f-2f5a-40dc-8386-e20551192d29,minecraft:skeleton,true,Skeleton,[null]
72.5,-9.0,142.5,ea3058c9-3027-45f2-abee-c5dba9172801,minecraft:creeper,true,Creeper,[null]
87.17599621084666,21.0,180.40107989190216,3174e543-e9d5-4001-8240-4205636bd3ae,minecraft:creeper,true,Creeper,[null]
99.80000000074506,-1.9770750832452095,197.19999999925494,a18ce800-b67f-4f61-bf2c-c27210cf8916,minecraft:bat,true,Bat,[null]
118.5,26.0,191.5,a64119fc-68be-476e-b7ca-39b548fcd65c,minecraft:zombie,true,Zombie,[null]
-83.90885018961886,67.0,202.04587675663757,3be44406-ca3b-46a3-90d2-d7248969b475,minecraft:item,true,Egg,[null]
27.803886380160808,-2.0,86.00210629942379,06c38ba3-e2e4-4213-98c2-5c2591f4cc9c,minecraft:spider,true,Spider,[null]
128.9565653374365,72.0,-113.40604671829048,daffc680-1d9a-4ef2-91da-634f4971c0f6,minecraft:item,true,Egg,[null]
119.49995224821537,25.0,186.94812390346152,460eb006-a9ea-43ec-be02-84d7521a587d,minecraft:creeper,true,Creeper,[null]
124.48095822126336,29.0,162.8254183328887,6672da83-670a-4e8e-b551-f8ffac55a377,minecraft:creeper,true,Creeper,[null]
89.5,39.0,207.5,f1dfcbf0-1104-4b18-a76a-16eed3ccc5ff,minecraft:creeper,true,Creeper,[null]
119.6992473480634,30.181559132286317,162.27750527671745,b0b7523e-9a5b-4eb4-a4e8-fe068a741d66,minecraft:bat,true,Bat,[null]
120.21494815863086,27.0,168.46293007766795,4c7f91d5-90f2-464d-913f-ceef67d85633,minecraft:skeleton,true,Skeleton,[null]
35.5,-3.0,229.5,bf4b6f99-6838-4ef8-af99-a186dbeb3362,minecraft:creeper,true,Creeper,[null]
84.39362930053642,23.0,142.31255314600006,6b528bb5-1cbd-41ed-bdb4-50ee48d65575,minecraft:skeleton,true,Skeleton,[null]
83.51364542679542,37.0,200.78057973461918,c58f0b82-9ebd-4ba3-be13-bd6cf823e929,minecraft:skeleton,true,Skeleton,[null]
84.7593859740979,40.0,209.46656099708164,3fbfe005-b73c-41ca-bf07-c07f82a807a0,minecraft:skeleton,true,Skeleton,[null]
71.79447787148223,-14.0,149.56646470314786,21530b50-8644-4f61-a43f-07eee9fa103b,minecraft:creeper,true,Creeper,[null]
77.5,-16.0,147.5,97fbad03-1d5f-47fa-8777-b605386b46e0,minecraft:creeper,true,Creeper,[null]
76.30000001192093,-12.0,142.3345116003995,a1cf2eb1-4762-4806-a187-1a24e5643959,minecraft:creeper,true,Creeper,[null]
83.52429448793998,-16.0,143.73769558333584,158e756e-e611-4164-a970-b91340c62eb3,minecraft:skeleton,true,Skeleton,[null]
81.5,17.0,132.5,3efb83db-8a2e-4e6d-ba83-3c656ee82eef,minecraft:creeper,true,Creeper,[null]
119.77501820740336,40.0,165.46596662587316,69329f60-e856-4ec2-b8f5-15ce21bda64b,minecraft:skeleton,true,Skeleton,[null]
125.26871311072209,41.0,167.49553749619264,c5826137-2941-47e5-8547-c0fe2aaf81bc,minecraft:skeleton,true,Skeleton,[null]
30.25,-0.8999999761581421,86.44922716484164,a7d6dc35-b8b8-4a2c-b190-bf81a3ceaf5c,minecraft:bat,true,Bat,[null]
116.5,79.0,215.5,652d5eb6-629d-4149-822b-ec977ca48fd0,minecraft:ocelot,true,Ocelot,[null]
125.70063437089712,34.0,167.51875848444763,78b79325-46bf-49da-8c0d-dbd792f1eed5,minecraft:skeleton,true,Skeleton,[null]
117.5,26.0,173.5,8006076f-1322-44b5-914f-26bd37ab9291,minecraft:spider,true,Spider,[null]
90.205555970249,-5.0,174.43346262431137,ba3a30ee-814a-4daf-a730-7f79bc114363,minecraft:creeper,true,Creeper,[null]
-36.95686649054112,34.0,196.24049298949015,cedab128-9358-4237-b8d7-cda0690cf3a5,minecraft:spider,true,Spider,[null]
76.97727504536225,-12.0,142.6089556665307,87e7f1f3-16a0-41a9-b897-47aba109f6c0,minecraft:enderman,true,Enderman,[null]
77.5,-16.0,152.5,06abcc3c-d51d-43fd-83c1-51020348331e,minecraft:creeper,true,Creeper,[null]
78.55521585144237,-16.0,145.70812234512687,fc86a130-2299-4760-a7dc-2083d0764210,minecraft:skeleton,true,Skeleton,[null]
77.5,-16.0,149.5,bd323670-1540-4630-af1a-28deacfca92e,minecraft:skeleton,true,Skeleton,[null]
83.25,17.69068950632065,176.33260622161072,f4aa2618-d21f-48fd-8cd4-9ac9fcc17e47,minecraft:bat,true,Bat,[null]
91.97480140931785,14.220650298055407,175.3265155385589,06d74aa6-7f8b-4d32-a9ab-b279deb37241,minecraft:bat,true,Bat,[null]
-3.5999999940395355,24.518141450127587,126.43205561535433,594ea03f-38d6-4b8d-b6f8-aacf4d1bd0d1,minecraft:glow_squid,true,Glow Squid,[null]
6.5999999940395355,26.242892974754795,118.38697682647035,5d389332-b203-4fe1-822b-9354c411e941,minecraft:glow_squid,true,Glow Squid,[null]
-0.5999999940395355,25.0,119.40000000596046,e5c1d9f3-2769-4f49-b14b-86b3b6313f00,minecraft:glow_squid,true,Glow Squid,[null]
-0.5999999940395355,24.064684466691688,120.40000000596046,25a9770f-a59f-44e7-afae-8feb67f9f20b,minecraft:glow_squid,true,Glow Squid,[null]
97.16508442531678,4.0,165.1650785692902,3721a361-70e6-44c0-bae1-fbcdf9b776c0,minecraft:creeper,true,Creeper,[null]
128.49340174428917,34.0,147.2686889146176,beb2adb7-6763-4017-822b-c3bed9e2afc3,minecraft:skeleton,true,Skeleton,[null]
51.48880881806945,15.0,201.2378677357328,06040013-7925-4aa4-a377-3ea34f82c5c9,minecraft:skeleton,true,Skeleton,[null]
-42.0562731630774,34.02704831087965,195.16325081132456,b9d06af3-47e9-45bb-9e2a-138651aca00a,minecraft:bat,true,Bat,[null]
57.5,-10.0,174.5,342684a9-57e6-4452-ade6-de5a7fae5a76,minecraft:spider,true,Spider,[null]
108.18751150577611,-11.0,155.54116718953682,b1a47508-deda-4951-943f-acb46afa4ee8,minecraft:creeper,true,Creeper,[null]
102.79531396177481,-13.0,150.8442727942043,b76dbb1e-1e9e-49f2-b0c3-01e23d33255c,minecraft:creeper,true,Creeper,[null]
53.5,-5.0,235.5,30eec7d9-0f51-4d88-8b2a-388643850923,minecraft:zombie,true,Zombie,[null]
55.23387290502397,-4.0,237.49095687214412,e8cabc6a-c79f-463b-a185-a25b7eb5964e,minecraft:zombie,true,Zombie,[null]
16.509002518847485,54.24252706542518,138.52901833344905,8809544e-b712-4bd0-a19a-3b5f7b62ccc0,minecraft:tropical_fish,true,Tropical Fish,[null]
16.600649567987578,54.5208954197427,137.07917062682458,b803adff-cea5-401a-86b2-723d5e7114ff,minecraft:tropical_fish,true,Tropical Fish,[null]
21.88126658752311,55.869786906591685,137.15231722019132,1b9f9c4a-6a9a-4c5d-a94a-eaef6d8a3f09,minecraft:tropical_fish,true,Tropical Fish,[null]
25.32878674326946,55.66137892682744,136.63472115095462,6eed137e-cf13-4c58-b675-9519cc7c72d7,minecraft:tropical_fish,true,Tropical Fish,[null]
23.622666842112867,54.967586982735796,137.58885124260405,7b23b714-d37b-4eb4-b512-3578eeb56953,minecraft:tropical_fish,true,Tropical Fish,[null]
23.82516565710315,55.090333825065976,136.34966240429998,f8b6c144-c66f-4c55-8271-3fad8c187418,minecraft:tropical_fish,true,Tropical Fish,[null]
22.986346334119695,58.04195523113168,116.04865205506016,3e9a5d3f-2174-44d4-a9e4-74c8a2cb2575,minecraft:tropical_fish,true,Tropical Fish,[null]
23.85605861136068,56.64731856932083,115.75661736255172,b6a67697-0dcf-4175-afe5-9ade7f8b0bb2,minecraft:tropical_fish,true,Tropical Fish,[null]
23.543517600602133,56.49686538090689,114.67044588220882,38e8697e-e264-43b1-be68-969b38e36e52,minecraft:tropical_fish,true,Tropical Fish,[null]
23.56919709252927,56.50884576063707,116.5690552210609,43396d5c-3331-4cd4-95ca-98b6100ef528,minecraft:tropical_fish,true,Tropical Fish,[null]
40.46521645886047,26.0,162.7202130771707,d6b4f064-727e-4174-8476-2a0d8beba98c,minecraft:skeleton,true,Skeleton,[null]
20.50461668105478,57.16353851135297,135.6273490244605,05c9392e-6681-4e16-958d-1b0a5b61ee46,minecraft:tropical_fish,true,Tropical Fish,[null]
20.486112664835098,57.49350783605011,134.6211136980018,2f4ea820-5cd5-4c97-92a5-149da958c112,minecraft:tropical_fish,true,Tropical Fish,[null]
91.24461291691485,-1.0,207.75338432325722,fd04dbd0-6825-45d4-b54e-f1241e950879,minecraft:skeleton,true,Skeleton,[null]
100.07632862688011,9.0,208.07632862687996,0c0f70cf-0c76-41cf-9443-b76662fa470f,minecraft:spider,true,Spider,[null]
99.15441786913192,8.0,204.9283987046,91a04159-3f76-486d-abaa-90446c602db5,minecraft:skeleton,true,Skeleton,[null]
19.047941024291696,61.88415534921254,128.97123407951636,83498e44-feff-4b4b-bb1b-fa63dae9d9b9,minecraft:tropical_fish,true,Tropical Fish,[null]
77.5,-11.0,138.5,663418b3-e0cd-4e73-8f44-453a3b22af4b,minecraft:zombie,true,Zombie,[null]
95.52409446613679,-20.0,191.26193997474255,72ae6f2c-8337-488c-a42f-1a20dd98f4ce,minecraft:skeleton,true,Skeleton,[null]
119.381220382293,15.02448429075989,117.2841468907572,671da4a6-713b-440c-8ecf-79f4a7219c79,minecraft:bat,true,Bat,[null]
118.25472730992077,15.910331766372199,120.89284115807867,e45778da-2587-45ee-bec5-55f25706fbc9,minecraft:bat,true,Bat,[null]
-4.298431664154649,73.0,-149.44654750013737,9ab66a29-6191-48b3-b560-f6a439bac176,minecraft:item,true,Egg,[null]
26.013784339497036,52.81863305761653,127.97067460471177,52e87fd0-ef6f-4e80-be75-d3decd8499d7,minecraft:cod,true,Cod,[null]
96.5,5.0,176.5,c5412a65-dcad-40de-961b-59695e8fb896,minecraft:creeper,true,Creeper,[null]
109.46155624918455,25.0,157.73274530961567,109cc32f-901e-4c0d-b3b5-329619b5abd8,minecraft:skeleton,true,Skeleton,[null]
122.26910967993798,66.0,180.24103426734516,5df2041f-a582-495b-b018-71bdf8eafd1d,minecraft:ocelot,true,Ocelot,[null]
74.7500598904277,-11.0,171.18553060067592,4f0e3787-06e2-409e-9c56-06f0593668b0,minecraft:zombie,true,Zombie,[null]
11.645642956018014,64.0,253.35631109868737,28e06a74-41fb-4895-b446-3529b9d48263,minecraft:ocelot,true,Ocelot,[null]
102.51761102854405,10.0,205.79948716496963,1465c7e4-8d17-4f3b-a3b3-173e05a5ae2c,minecraft:zombie,true,Zombie,[null]
103.5226906801464,10.0,105.83473370635733,7a32dd71-bd78-4f36-b8a6-24844540d7d4,minecraft:creeper,true,Creeper,[null]
55.5,-46.0,183.5,c63f8a95-94d1-4745-8efb-c5af325e76fd,minecraft:creeper,true,Creeper,[null]
99.63097747384779,97.0,-91.32264211831766,0ede2a74-d7bc-4a0a-8046-d25477f4a3fe,minecraft:bee,true,Bee,[null]
104.45935473560648,-3.9133891917180583,170.21584667989538,66140311-6b9b-406c-9b82-f7de49041e1b,minecraft:bat,true,Bat,[null]
83.50922364156135,80.39999997615814,-101.82087365157457,401a5f1b-1095-4479-887f-bb46ff12c80c,minecraft:bee,true,Bee,[null]
-12.76794315688312,54.4503778393846,199.5839020172134,0087e688-909f-482f-a740-b19b805ae62b,minecraft:squid,true,Squid,[null]
-16.400000005960464,54.0,200.59999999403954,372daf39-8500-43bf-94c0-0691cefb39a0,minecraft:squid,true,Squid,[null]
-18.60527981071375,54.41473000566475,200.46397437811916,1e478bbb-adb6-409c-adf0-12c5a55a45c9,minecraft:squid,true,Squid,[null]
-20.599999994039536,55.14617719501257,203.59999999403954,3fa05d0d-73a3-4adf-8a5c-7da1ffe3c78c,minecraft:squid,true,Squid,[null]
73.77936131935122,-10.0,175.5529174155224,42c8ccb3-6620-4ea3-9166-4c34704ea3cc,minecraft:skeleton,true,Skeleton,[null]
74.51543805800215,12.0,196.43213450631072,d63a6b35-a64b-4e77-ba13-3cb5419848f6,minecraft:bat,true,Bat,[null]
102.16780971629802,26.81228907302502,194.01543805800213,6ad3c05d-405c-445a-8ea8-6f9dc435c2c5,minecraft:bat,true,Bat,[null]
108.70464222352226,-11.156111516789379,163.04210499507266,06f44617-5f7a-4d04-872b-c9d852d17fd3,minecraft:bat,true,Bat,[null]
110.70095441415764,-12.696158921089173,170.6404660739499,08d82fa7-5478-4ba0-8a6a-d5a7a5d8c792,minecraft:bat,true,Bat,[null]
108.40338057305958,-12.041539283083054,166.87840101576,767e6a6d-d90c-4b11-885b-d320747b68bc,minecraft:bat,true,Bat,[null]
-151.5,14.0,335.5,d2c03c4f-a6a2-489d-bb44-6ba598d712ce,minecraft:falling_block,true,Falling Gravel,[null]
-149.402463901855,72.0,273.48445949025006,79e74b02-4b48-4acc-9704-65b0db4a379d,minecraft:cow,true,Cow,[null]
-153.0,72.0,276.0,f37223af-6743-4eb0-bdf1-67648c0daf95,minecraft:cow,true,Cow,[null]
-155.0,72.0,278.0,75ed579c-c984-4a94-89b5-9c784a0ed2fd,minecraft:cow,true,Cow,[null]
-152.0,71.0,280.0,bc0bb620-391b-44d1-81bb-41da0a29aa1a,minecraft:cow,true,Cow,[null]
-154.26137282334375,71.0,220.10688996506897,dd6e1829-5b72-4e73-952e-6af6cdc43029,minecraft:enderman,true,Enderman,[null]
67.5,21.92159999847412,93.49511130585309,07d83733-357e-451f-b981-4906a5e308f3,minecraft:zombie,true,Zombie,[null]
-165.0,74.0,247.0,722dcc76-8010-4c43-ac46-8e067c64ac44,minecraft:horse,true,Horse,[null]
-168.0,71.0,252.0,8acdfaae-9178-41c4-8c58-d1acb34a3dde,minecraft:cow,true,Cow,[null]
-170.0,75.0,241.0,cf1b299b-7e4f-46fe-8812-bad12b7598a6,minecraft:cow,true,Cow,[null]
-170.0,75.0,241.0,c7e3948e-a470-42f3-bd49-de0272d9762f,minecraft:cow,true,Cow,[null]
-166.0,75.0,241.0,b928e56c-c1f5-416c-9e48-0c64b1ba3699,minecraft:cow,true,Cow,[null]
-169.0,76.0,240.89999997615814,70e1be63-6c4c-4113-9a02-0eff8065e4fd,minecraft:cow,true,Cow,[null]
21.846494846406006,50.99719857101735,129.84649484640596,4c7c9489-3bd1-48ac-a0c5-46bdb2d1cedd,minecraft:cod,true,Cod,[null]
17.20195885330649,51.030333388413844,133.16081829059584,5f1365fd-3b31-473e-b57f-6ed84e7e4124,minecraft:cod,true,Cod,[null]
17.4581688726913,50.85631323123377,131.5,d5a14142-0af8-4a7a-bbe7-ffe7be6f9a70,minecraft:cod,true,Cod,[null]
14.184907134400294,51.063535436156286,130.54031797852537,1622a9fb-1a87-4c18-82ac-543a1e9137fb,minecraft:cod,true,Cod,[null]
13.923483421031055,51.06360880224844,129.92346636568973,cef47cd7-c641-4d2f-ae66-652c37a185aa,minecraft:cod,true,Cod,[null]
11.060709617765689,51.6944676283162,127.48780584173659,0ce765e9-78b1-4a4d-9b4a-9e7958cedca1,minecraft:cod,true,Cod,[null]
24.5,51.34500000000018,132.5,cc3e9e42-aafa-4603-afbd-462b060f38b1,minecraft:pufferfish,true,Pufferfish,[null]
25.304703525932773,51.05674011725912,132.68263106531697,894f847d-c79e-4ec6-837d-ebd49352ff46,minecraft:pufferfish,true,Pufferfish,[null]
95.5,-12.0,151.5,9cb8719d-cc7d-4987-b1b9-b8ecf697ace5,minecraft:creeper,true,Creeper,[null]
66.62496855828168,-48.0,167.13207203392548,b1a532d6-a709-4e91-a93c-52d8b49908dd,minecraft:creeper,true,Creeper,[null]
67.5,-48.0,169.5,d854b8b8-0239-479b-9285-6a1e46a7a8ac,minecraft:zombie,true,Zombie,[null]
66.5,-48.0,171.5,b3780421-0dea-4d6c-88d9-220536b0e04b,minecraft:zombie,true,Zombie,[null]
68.5,-48.0,170.5,9a1fe4f6-e206-4b37-a41a-7a10f0a2d1b8,minecraft:zombie,true,Zombie,[null]
69.49719644980493,34.0,245.55440448257426,e0b64bb1-68c7-4c01-b21a-fb98ab3c4964,minecraft:zombie,true,Zombie,[null]
105.5,28.0,177.5,ac564359-272f-41fb-a570-d89df3abe9d8,minecraft:spider,true,Spider,[null]
131.5,41.0,162.5,bdd86514-3628-484a-a76b-05996d841825,minecraft:zombie,true,Zombie,[null]
128.5,41.0,164.5,16433f66-12e6-468b-999d-6f021b115628,minecraft:skeleton,true,Skeleton,[null]
44.5,17.0,51.5,a9b4ff73-21c3-4965-8db6-0e81b687ed88,minecraft:glow_squid,true,Glow Squid,[null]
73.19027178221151,26.62081170552952,149.70487334641425,88cc2f16-85b0-41c1-ac2f-fdc4a81332a4,minecraft:bat,true,Bat,[null]
71.75,26.874107077305943,146.25,32498bd7-daea-4aa3-a7ef-a5a34c7346eb,minecraft:bat,true,Bat,[null]
76.75,26.874107077305943,151.1913009919587,767bcb66-491d-4f99-b97c-eb03fa385727,minecraft:bat,true,Bat,[null]
71.80654426663209,26.874107077305943,148.8086990080413,95b3306d-3f39-4a7e-860d-d1c05dd78b26,minecraft:bat,true,Bat,[null]
100.5,-21.0,189.5,606b5380-f106-4571-9011-d864ce242870,minecraft:creeper,true,Creeper,[null]
99.5,-21.0,189.5,490871d2-06fe-4a28-86a9-6006b0e94bf9,minecraft:creeper,true,Creeper,[null]
-84.5,23.0,178.5,e638862f-1f58-47ed-a300-fc16e15a3bc4,minecraft:zombie,true,Zombie,[null]
30.5,-44.0,156.5,f8193324-10c4-4b6e-bb14-17444925bb33,minecraft:zombie,true,Zombie,[null]
87.5,29.0,170.5,2c53ee03-d85c-44b1-aad8-f3698c03bb31,minecraft:creeper,true,Creeper,[null]
70.5,19.0,97.5,a32ed50e-b687-4c52-9c22-120014cba52f,minecraft:skeleton,true,Skeleton,[null]
