x,y,z,visibility,load_status,entity_count
10,4,4,TICKING,LOADED,2
-9,4,14,TICKING,LOADED,1
-1,4,-10,TICKING,LOADED,4
-1,5,-10,TICKING,LOADED,2
1,-3,9,TICKING,LOADED,1
0,3,8,TICKING,LOADED,3
-8,4,13,TICKING,LOADED,2
3,5,-12,TICKING,LOADED,1
8,4,-14,TRACKED,LOADED,1
-1,4,-11,TICKING,LOADED,2
7,4,13,TICKING,LOADED,1
10,4,-1,TICKING,LOADED,4
5,-1,9,TICKING,LOADED,1
3,0,12,TICKING,LOADED,1
2,4,-4,TICKING,LOADED,2
7,4,-11,TICKING,LOADED,2
6,0,10,TICKING,LOADED,2
6,4,10,TICKING,LOADED,1
6,-1,10,TICKING,LOADED,4
5,4,-13,TRACKED,LOADED,1
1,-1,5,TICKING,LOADED,2
3,4,-11,TICKING,LOADED,1
7,1,11,TICKING,LOADED,2
7,4,11,TICKING,LOADED,1
5,1,11,TICKING,LOADED,2
5,-2,11,TICKING,LOADED,1
-6,4,18,TICKING,LOADED,3
10,4,15,TICKING,LOADED,2
-6,4,13,TICKING,LOADED,2
3,4,-3,TICKING,LOADED,1
6,4,-14,TRACKED,LOADED,3
4,0,12,TICKING,LOADED,1
4,1,12,TICKING,LOADED,1
-11,4,15,TRACKED,LOADED,6
4,-1,8,TICKING,LOADED,4
8,2,10,TICKING,LOADED,2
12,4,16,TRACKED,LOADED,1
7,4,-8,TICKING,LOADED,2
8,4,-8,TICKING,LOADED,2
-8,4,12,TICKING,LOADED,2
6,0,13,TICKING,LOADED,1
4,4,-13,TRACKED,LOADED,2
7,0,7,TICKING,LOADED,2
1,3,8,TICKING,LOADED,16
1,4,8,TICKING,LOADED,1
-1,5,-9,TICKING,LOADED,2
-10,0,20,TRACKED,LOADED,1
8,4,-13,TRACKED,LOADED,1
3,4,-1,TICKING,LOADED,1
2,1,10,TICKING,LOADED,1
-1,1,7,TICKING,LOADED,3
6,4,-11,TICKING,LOADED,1
2,-1,14,TICKING,LOADED,2
8,4,11,TICKING,LOADED,1
4,0,9,TICKING,LOADED,1
4,1,9,TICKING,LOADED,4
4,-1,9,TICKING,LOADED,5
2,4,0,TICKING,LOADED,1
-2,4,-10,TICKING,LOADED,2
1,3,6,TICKING,LOADED,2
-9,4,13,TICKING,LOADED,1
10,3,-11,TRACKED,LOADED,1
0,1,7,TICKING,LOADED,1
0,3,7,TICKING,LOADED,1
-1,3,12,TICKING,LOADED,1
8,4,-11,TICKING,LOADED,1
6,6,-6,TICKING,LOADED,1
5,0,10,TICKING,LOADED,1
5,1,10,TICKING,LOADED,1
5,-1,10,TICKING,LOADED,1
3,-1,10,TICKING,LOADED,1
-7,3,11,TICKING,LOADED,1
1,5,-11,TICKING,LOADED,1
4,4,14,TICKING,LOADED,1
4,1,6,TICKING,LOADED,1
-11,4,-7,TRACKED,LOADED,1
6,0,11,TICKING,LOADED,1
6,1,11,TICKING,LOADED,1
6,-2,11,TICKING,LOADED,2
-2,3,12,TICKING,LOADED,3
-3,4,13,TICKING,LOADED,1
12,-3,2,TRACKED,LOADED,1
1,4,-2,TICKING,LOADED,1
5,2,13,TICKING,LOADED,1
0,4,15,TICKING,LOADED,1
-5,4,13,TICKING,LOADED,1
4,2,15,TICKING,LOADED,1
-2,4,-9,TICKING,LOADED,1
-11,4,-6,TRACKED,LOADED,1
4,1,5,TICKING,LOADED,1
6,0,12,TICKING,LOADED,2
6,1,12,TICKING,LOADED,1
6,-1,12,TICKING,LOADED,1
8,5,2,TICKING,LOADED,1
-1,5,-13,TRACKED,LOADED,1
-5,2,0,TICKING,LOADED,1
6,4,-12,TICKING,LOADED,1
1,3,7,TICKING,LOADED,5
7,4,4,TICKING,LOADED,2
-4,4,14,TICKING,LOADED,1
-6,1,11,TICKING,LOADED,1
8,4,-6,TICKING,LOADED,1
5,4,-11,TICKING,LOADED,1
3,4,-4,TICKING,LOADED,1
7,4,-10,TICKING,LOADED,1
2,1,3,TICKING,LOADED,1
-2,5,-13,TRACKED,LOADED,1
6,1,9,TICKING,LOADED,1
6,2,9,TICKING,LOADED,1
6,-1,9,TICKING,LOADED,2
0,3,10,TICKING,LOADED,2
0,5,-10,TICKING,LOADED,3
-10,4,13,TRACKED,LOADED,1
-1,3,3,TICKING,LOADED,1
5,1,8,TICKING,LOADED,2
5,-1,8,TICKING,LOADED,1
-3,4,-7,TICKING,LOADED,1
7,4,-9,TICKING,LOADED,1
8,2,9,TICKING,LOADED,1
3,-3,11,TICKING,LOADED,1
5,4,-12,TICKING,LOADED,1
4,4,-11,TICKING,LOADED,2
4,5,-11,TICKING,LOADED,1
-3,2,12,TICKING,LOADED,2
-3,4,12,TICKING,LOADED,1
0,2,9,TICKING,LOADED,1
0,3,9,TICKING,LOADED,1
6,0,6,TICKING,LOADED,1
5,5,-7,TICKING,LOADED,1
7,4,5,TICKING,LOADED,2
5,2,12,TICKING,LOADED,2
5,-1,12,TICKING,LOADED,1
-10,4,17,TRACKED,LOADED,4
7,1,10,TICKING,LOADED,5
7,2,10,TICKING,LOADED,3
-4,4,16,TICKING,LOADED,3
-2,3,10,TICKING,LOADED,1
-4,4,13,TICKING,LOADED,1
2,5,-11,TICKING,LOADED,2
2,6,-11,TICKING,LOADED,2
-6,4,17,TICKING,LOADED,1
4,-3,10,TICKING,LOADED,4
4,-1,10,TICKING,LOADED,2
3,-1,14,TICKING,LOADED,2
-7,4,13,TICKING,LOADED,4
-5,4,16,TICKING,LOADED,1
6,4,-13,TRACKED,LOADED,1
-6,4,12,TICKING,LOADED,6
